<?xml version="1.0"?>
<Runs Version="1" Minor="0">
	<Run Id="Project_FPGA_axi_gpio_1_0_synth_1" LaunchDir="C:/Users/UserTP/Desktop/FPGA/Project_FPGA_IP/Project_FPGA_IP.runs/Project_FPGA_axi_gpio_1_0_synth_1" FlowId="Vivado_Synthesis" FromStepId="vivado" ToStepId="vivado"/>
	<Run Id="synth_1" LaunchDir="C:/Users/UserTP/Desktop/FPGA/Project_FPGA_IP/Project_FPGA_IP.runs/synth_1" FlowId="Vivado_Synthesis" FromStepId="vivado" ToStepId="vivado">
		<Parent Id="Project_FPGA_axi_gpio_1_0_synth_1"/>
	</Run>
	<Run Id="impl_1" LaunchDir="C:/Users/UserTP/Desktop/FPGA/Project_FPGA_IP/Project_FPGA_IP.runs/impl_1" FlowId="Vivado_Implementation" FromStepId="init_design" ToStepId="write_bitstream">
		<Parent Id="synth_1"/>
		<Parent Id="Project_FPGA_axi_gpio_1_0_synth_1"/>
	</Run>
	<Parameters>
		<Parameter Name="runs.monitorLSFJobs" Val="true" Type="bool"/>
		<Parameter Name="runs.enableClusterConf" Val="true" Type="bool"/>
	</Parameters>
</Runs>

