<?xml version="1.0" encoding="UTF-8"?>
<GenRun Id="impl_1" LaunchPart="xc7a35tcpg236-1" LaunchTime="1681219613">
  <File Type="BITSTR-BMM" Name="Project_FPGA_wrapper_bd.bmm"/>
  <File Type="OPT-METHODOLOGY-DRC" Name="Project_FPGA_wrapper_methodology_drc_opted.rpt"/>
  <File Type="INIT-TIMING" Name="Project_FPGA_wrapper_timing_summary_init.rpt"/>
  <File Type="ROUTE-PWR" Name="Project_FPGA_wrapper_power_routed.rpt"/>
  <File Type="PA-TCL" Name="Project_FPGA_wrapper.tcl"/>
  <File Type="OPT-TIMING" Name="Project_FPGA_wrapper_timing_summary_opted.rpt"/>
  <File Type="OPT-DCP" Name="Project_FPGA_wrapper_opt.dcp"/>
  <File Type="ROUTE-PWR-SUM" Name="Project_FPGA_wrapper_power_summary_routed.pb"/>
  <File Type="REPORTS-TCL" Name="Project_FPGA_wrapper_reports.tcl"/>
  <File Type="OPT-DRC" Name="Project_FPGA_wrapper_drc_opted.rpt"/>
  <File Type="OPT-HWDEF" Name="Project_FPGA_wrapper.hwdef"/>
  <File Type="PWROPT-DCP" Name="Project_FPGA_wrapper_pwropt.dcp"/>
  <File Type="PWROPT-DRC" Name="Project_FPGA_wrapper_drc_pwropted.rpt"/>
  <File Type="PWROPT-TIMING" Name="Project_FPGA_wrapper_timing_summary_pwropted.rpt"/>
  <File Type="PLACE-DCP" Name="Project_FPGA_wrapper_placed.dcp"/>
  <File Type="PLACE-IO" Name="Project_FPGA_wrapper_io_placed.rpt"/>
  <File Type="PLACE-CLK" Name="Project_FPGA_wrapper_clock_utilization_placed.rpt"/>
  <File Type="PLACE-UTIL" Name="Project_FPGA_wrapper_utilization_placed.rpt"/>
  <File Type="PLACE-UTIL-PB" Name="Project_FPGA_wrapper_utilization_placed.pb"/>
  <File Type="PLACE-CTRL" Name="Project_FPGA_wrapper_control_sets_placed.rpt"/>
  <File Type="PLACE-SIMILARITY" Name="Project_FPGA_wrapper_incremental_reuse_placed.rpt"/>
  <File Type="PLACE-PRE-SIMILARITY" Name="Project_FPGA_wrapper_incremental_reuse_pre_placed.rpt"/>
  <File Type="PLACE-TIMING" Name="Project_FPGA_wrapper_timing_summary_placed.rpt"/>
  <File Type="POSTPLACE-PWROPT-DCP" Name="Project_FPGA_wrapper_postplace_pwropt.dcp"/>
  <File Type="BG-BIN" Name="Project_FPGA_wrapper.bin"/>
  <File Type="POSTPLACE-PWROPT-TIMING" Name="Project_FPGA_wrapper_timing_summary_postplace_pwropted.rpt"/>
  <File Type="PHYSOPT-DCP" Name="Project_FPGA_wrapper_physopt.dcp"/>
  <File Type="PHYSOPT-DRC" Name="Project_FPGA_wrapper_drc_physopted.rpt"/>
  <File Type="BITSTR-MSK" Name="Project_FPGA_wrapper.msk"/>
  <File Type="PHYSOPT-TIMING" Name="Project_FPGA_wrapper_timing_summary_physopted.rpt"/>
  <File Type="ROUTE-ERROR-DCP" Name="Project_FPGA_wrapper_routed_error.dcp"/>
  <File Type="ROUTE-DCP" Name="Project_FPGA_wrapper_routed.dcp"/>
  <File Type="ROUTE-BLACKBOX-DCP" Name="Project_FPGA_wrapper_routed_bb.dcp"/>
  <File Type="ROUTE-DRC" Name="Project_FPGA_wrapper_drc_routed.rpt"/>
  <File Type="ROUTE-DRC-PB" Name="Project_FPGA_wrapper_drc_routed.pb"/>
  <File Type="ROUTE-DRC-RPX" Name="Project_FPGA_wrapper_drc_routed.rpx"/>
  <File Type="BITSTR-MMI" Name="Project_FPGA_wrapper.mmi"/>
  <File Type="ROUTE-METHODOLOGY-DRC" Name="Project_FPGA_wrapper_methodology_drc_routed.rpt"/>
  <File Type="ROUTE-METHODOLOGY-DRC-RPX" Name="Project_FPGA_wrapper_methodology_drc_routed.rpx"/>
  <File Type="ROUTE-METHODOLOGY-DRC-PB" Name="Project_FPGA_wrapper_methodology_drc_routed.pb"/>
  <File Type="ROUTE-PWR-RPX" Name="Project_FPGA_wrapper_power_routed.rpx"/>
  <File Type="ROUTE-STATUS" Name="Project_FPGA_wrapper_route_status.rpt"/>
  <File Type="ROUTE-STATUS-PB" Name="Project_FPGA_wrapper_route_status.pb"/>
  <File Type="ROUTE-TIMINGSUMMARY" Name="Project_FPGA_wrapper_timing_summary_routed.rpt"/>
  <File Type="ROUTE-TIMING-PB" Name="Project_FPGA_wrapper_timing_summary_routed.pb"/>
  <File Type="ROUTE-TIMING-RPX" Name="Project_FPGA_wrapper_timing_summary_routed.rpx"/>
  <File Type="ROUTE-SIMILARITY" Name="Project_FPGA_wrapper_incremental_reuse_routed.rpt"/>
  <File Type="ROUTE-CLK" Name="Project_FPGA_wrapper_clock_utilization_routed.rpt"/>
  <File Type="ROUTE-BUS-SKEW" Name="Project_FPGA_wrapper_bus_skew_routed.rpt"/>
  <File Type="ROUTE-BUS-SKEW-PB" Name="Project_FPGA_wrapper_bus_skew_routed.pb"/>
  <File Type="ROUTE-BUS-SKEW-RPX" Name="Project_FPGA_wrapper_bus_skew_routed.rpx"/>
  <File Type="POSTROUTE-PHYSOPT-DCP" Name="Project_FPGA_wrapper_postroute_physopt.dcp"/>
  <File Type="POSTROUTE-PHYSOPT-BLACKBOX-DCP" Name="Project_FPGA_wrapper_postroute_physopt_bb.dcp"/>
  <File Type="POSTROUTE-PHYSOPT-TIMING" Name="Project_FPGA_wrapper_timing_summary_postroute_physopted.rpt"/>
  <File Type="POSTROUTE-PHYSOPT-TIMING-PB" Name="Project_FPGA_wrapper_timing_summary_postroute_physopted.pb"/>
  <File Type="POSTROUTE-PHYSOPT-TIMING-RPX" Name="Project_FPGA_wrapper_timing_summary_postroute_physopted.rpx"/>
  <File Type="POSTROUTE-PHYSOPT-BUS-SKEW" Name="Project_FPGA_wrapper_bus_skew_postroute_physopted.rpt"/>
  <File Type="POSTROUTE-PHYSOPT-BUS-SKEW-PB" Name="Project_FPGA_wrapper_bus_skew_postroute_physopted.pb"/>
  <File Type="BG-BIT" Name="Project_FPGA_wrapper.bit"/>
  <File Type="POSTROUTE-PHYSOPT-BUS-SKEW-RPX" Name="Project_FPGA_wrapper_bus_skew_postroute_physopted.rpx"/>
  <File Type="BITSTR-RBT" Name="Project_FPGA_wrapper.rbt"/>
  <File Type="BITSTR-NKY" Name="Project_FPGA_wrapper.nky"/>
  <File Type="PDI-FILE" Name="Project_FPGA_wrapper.pdi"/>
  <File Type="RCFI_FILE" Name="Project_FPGA_wrapper.rcfi"/>
  <File Type="CFI_FILE" Name="Project_FPGA_wrapper.cfi"/>
  <File Type="RNPI_FILE" Name="Project_FPGA_wrapper.rnpi"/>
  <File Type="NPI_FILE" Name="Project_FPGA_wrapper.npi"/>
  <File Type="RBD_FILE" Name="Project_FPGA_wrapper.rbd"/>
  <File Type="BITSTR-LTX" Name="debug_nets.ltx"/>
  <File Type="BITSTR-LTX" Name="Project_FPGA_wrapper.ltx"/>
  <File Type="BITSTR-SYSDEF" Name="Project_FPGA_wrapper.sysdef"/>
  <File Type="BG-BGN" Name="Project_FPGA_wrapper.bgn"/>
  <File Type="BG-DRC" Name="Project_FPGA_wrapper.drc"/>
  <File Type="RDI-RDI" Name="Project_FPGA_wrapper.vdi"/>
  <File Type="WBT-USG" Name="usage_statistics_webtalk.html"/>
  <FileSet Name="sources" Type="DesignSrcs" RelSrcDir="$PSRCDIR/sources_1" RelGenDir="$PGENDIR/sources_1">
    <Filter Type="Srcs"/>
    <File Path="$PSRCDIR/sources_1/imports/Project_FPGA/Compteur_Tempo.vhd">
      <FileInfo>
        <Attr Name="ImportPath" Val="$PPRDIR/../Compteur_Tempo.vhd"/>
        <Attr Name="ImportTime" Val="1679390706"/>
        <Attr Name="UsedIn" Val="synthesis"/>
        <Attr Name="UsedIn" Val="simulation"/>
      </FileInfo>
    </File>
    <File Path="$PSRCDIR/sources_1/imports/Project_FPGA/Diviseur_Horloge.vhd">
      <FileInfo>
        <Attr Name="ImportPath" Val="$PPRDIR/../Diviseur_Horloge.vhd"/>
        <Attr Name="ImportTime" Val="1679389657"/>
        <Attr Name="UsedIn" Val="synthesis"/>
        <Attr Name="UsedIn" Val="simulation"/>
      </FileInfo>
    </File>
    <File Path="$PSRCDIR/sources_1/new/Registre_DCC.vhd">
      <FileInfo>
        <Attr Name="ImportPath" Val="$PPRDIR/../../Project_FPGA/Project_FPGA.srcs/sources_1/new/Registre_DCC.vhd"/>
        <Attr Name="ImportTime" Val="1681215559"/>
        <Attr Name="UsedIn" Val="synthesis"/>
        <Attr Name="UsedIn" Val="simulation"/>
      </FileInfo>
    </File>
    <File Path="$PSRCDIR/sources_1/new/DDC_MAE.vhd">
      <FileInfo>
        <Attr Name="ImportPath" Val="$PPRDIR/../../Project_FPGA/Project_FPGA.srcs/sources_1/new/DDC_MAE.vhd"/>
        <Attr Name="ImportTime" Val="1681215559"/>
        <Attr Name="UsedIn" Val="synthesis"/>
        <Attr Name="UsedIn" Val="simulation"/>
      </FileInfo>
    </File>
    <File Path="$PSRCDIR/sources_1/new/DCC_Compteur.vhd">
      <FileInfo>
        <Attr Name="ImportPath" Val="$PPRDIR/../../Project_FPGA/Project_FPGA.srcs/sources_1/new/DCC_Compteur.vhd"/>
        <Attr Name="ImportTime" Val="1681215559"/>
        <Attr Name="UsedIn" Val="synthesis"/>
        <Attr Name="UsedIn" Val="simulation"/>
      </FileInfo>
    </File>
    <File Path="$PSRCDIR/sources_1/new/DCC_Bit0.vhd">
      <FileInfo>
        <Attr Name="ImportPath" Val="$PPRDIR/../../Project_FPGA/Project_FPGA.srcs/sources_1/new/DCC_Bit0.vhd"/>
        <Attr Name="ImportTime" Val="1681215559"/>
        <Attr Name="UsedIn" Val="synthesis"/>
        <Attr Name="UsedIn" Val="simulation"/>
      </FileInfo>
    </File>
    <File Path="$PSRCDIR/sources_1/new/DCC_Bit1.vhd">
      <FileInfo>
        <Attr Name="ImportPath" Val="$PPRDIR/../../Project_FPGA/Project_FPGA.srcs/sources_1/new/DCC_Bit1.vhd"/>
        <Attr Name="ImportTime" Val="1681215559"/>
        <Attr Name="UsedIn" Val="synthesis"/>
        <Attr Name="UsedIn" Val="simulation"/>
      </FileInfo>
    </File>
    <File Path="$PSRCDIR/sources_1/new/MAE.vhd">
      <FileInfo>
        <Attr Name="ImportPath" Val="$PPRDIR/../../Project_FPGA/Project_FPGA.srcs/sources_1/new/MAE.vhd"/>
        <Attr Name="ImportTime" Val="1681216046"/>
        <Attr Name="UsedIn" Val="synthesis"/>
        <Attr Name="UsedIn" Val="simulation"/>
      </FileInfo>
    </File>
    <File Path="$PSRCDIR/sources_1/new/MAE_Compteur.vhd">
      <FileInfo>
        <Attr Name="ImportPath" Val="$PPRDIR/../../Project_FPGA/Project_FPGA.srcs/sources_1/new/MAE_Compteur.vhd"/>
        <Attr Name="ImportTime" Val="1681215559"/>
        <Attr Name="UsedIn" Val="synthesis"/>
        <Attr Name="UsedIn" Val="simulation"/>
      </FileInfo>
    </File>
    <File Path="$PSRCDIR/sources_1/new/TOP.vhd">
      <FileInfo>
        <Attr Name="ImportPath" Val="$PPRDIR/../../Project_FPGA/Project_FPGA.srcs/sources_1/new/TOP.vhd"/>
        <Attr Name="ImportTime" Val="1681216576"/>
        <Attr Name="UsedIn" Val="synthesis"/>
        <Attr Name="UsedIn" Val="simulation"/>
      </FileInfo>
    </File>
    <File Path="$PSRCDIR/sources_1/bd/Project_FPGA/Project_FPGA.bd">
      <FileInfo>
        <Attr Name="ImportPath" Val="$PPRDIR/../../Project_FPGA/Project_FPGA.srcs/sources_1/bd/Project_FPGA/Project_FPGA.bd"/>
        <Attr Name="ImportTime" Val="1681217443"/>
        <Attr Name="UsedIn" Val="synthesis"/>
        <Attr Name="UsedIn" Val="implementation"/>
        <Attr Name="UsedIn" Val="simulation"/>
      </FileInfo>
    </File>
    <File Path="$PSRCDIR/sources_1/imports/Project_FPGA_wrapper.vhd">
      <FileInfo>
        <Attr Name="ImportPath" Val="$PPRDIR/../../Project_FPGA/Project_FPGA.gen/sources_1/bd/Project_FPGA/hdl/Project_FPGA_wrapper.vhd"/>
        <Attr Name="ImportTime" Val="1681216898"/>
        <Attr Name="UsedIn" Val="synthesis"/>
        <Attr Name="UsedIn" Val="simulation"/>
      </FileInfo>
    </File>
    <File Path="$PGENDIR/sources_1/bd/Project_FPGA/hdl/Project_FPGA_wrapper.vhd">
      <FileInfo>
        <Attr Name="UsedIn" Val="synthesis"/>
        <Attr Name="UsedIn" Val="simulation"/>
      </FileInfo>
    </File>
    <Config>
      <Option Name="DesignMode" Val="RTL"/>
      <Option Name="TopModule" Val="Project_FPGA_wrapper"/>
    </Config>
  </FileSet>
  <FileSet Name="constrs_in" Type="Constrs" RelSrcDir="$PSRCDIR/constrs_1">
    <Filter Type="Constrs"/>
    <File Path="$PSRCDIR/constrs_1/imports/Project_FPGA/Nexys4DDR_Master.xdc">
      <FileInfo>
        <Attr Name="ImportPath" Val="$PPRDIR/../Nexys4DDR_Master.xdc"/>
        <Attr Name="ImportTime" Val="1679389657"/>
        <Attr Name="UsedIn" Val="synthesis"/>
        <Attr Name="UsedIn" Val="implementation"/>
      </FileInfo>
    </File>
    <Config>
      <Option Name="ConstrsType" Val="XDC"/>
    </Config>
  </FileSet>
  <FileSet Name="utils" Type="Utils" RelSrcDir="$PSRCDIR/utils_1">
    <Filter Type="Utils"/>
    <Config>
      <Option Name="TopAutoSet" Val="TRUE"/>
    </Config>
  </FileSet>
  <Strategy Version="1" Minor="2">
    <StratHandle Name="Vivado Implementation Defaults" Flow="Vivado Implementation 2020"/>
    <Step Id="init_design"/>
    <Step Id="opt_design"/>
    <Step Id="power_opt_design"/>
    <Step Id="place_design"/>
    <Step Id="post_place_power_opt_design"/>
    <Step Id="phys_opt_design"/>
    <Step Id="route_design"/>
    <Step Id="post_route_phys_opt_design"/>
    <Step Id="write_bitstream"/>
  </Strategy>
</GenRun>
