{
  "version": "2020.2",
  "applications": [],
  "platforms": [
    {
      "name": "Project_FPGA_HW"
    }
  ],
  "systems": [
    {
      "name": "Project_FPGA_SW_system",
      "platform": "C:/Users/UserTP/workspace/Project_FPGA_HW/export/Project_FPGA_HW/Project_FPGA_HW.xpfm",
      "sysConfig": "Project_FPGA_HW",
      "buildConfig": "Debug",
      "applications": [
        {
          "name": "Project_FPGA_SW",
          "platform": "C:/Users/UserTP/workspace/Project_FPGA_HW/export/Project_FPGA_HW/Project_FPGA_HW.xpfm",
          "platformPath": "C:\\Users\\marcs\\Downloads\\FPGA-main\\FPGA-main\\Project_FPGA_HW\\export\\Project_FPGA_HW",
          "sysConfig": "Project_FPGA_HW",
          "domain": "standalone_domain",
          "system": "Project_FPGA_SW_system"
        }
      ],
      "platformPath": "C:\\Users\\marcs\\Downloads\\FPGA-main\\FPGA-main\\Project_FPGA_HW\\export\\Project_FPGA_HW"
    }
  ],
  "others": []
}