{
  "version": "2020.2",
  "applications": [],
  "platforms": [
    {
      "name": "TP2_HW"
    }
  ],
  "systems": [
    {
      "name": "TP2_SW_exo1_system",
      "platform": "F:/workspace/TP2_HW/export/TP2_HW/TP2_HW.xpfm",
      "sysConfig": "TP2_HW",
      "buildConfig": "Debug",
      "applications": [
        {
          "name": "TP2_SW_exo1",
          "platform": "F:/workspace/TP2_HW/export/TP2_HW/TP2_HW.xpfm",
          "platformPath": "F:\\workspace\\TP2_HW\\export\\TP2_HW",
          "sysConfig": "TP2_HW",
          "domain": "standalone_domain",
          "system": "TP2_SW_exo1_system"
        }
      ],
      "platformPath": "F:\\workspace\\TP2_HW\\export\\TP2_HW"
    },
    {
      "name": "TP2_SW_exo2_system",
      "platform": "F:/workspace/TP2_HW/export/TP2_HW/TP2_HW.xpfm",
      "sysConfig": "TP2_HW",
      "buildConfig": "Debug",
      "applications": [
        {
          "name": "TP2_SW_exo2",
          "platform": "F:/workspace/TP2_HW/export/TP2_HW/TP2_HW.xpfm",
          "platformPath": "F:\\workspace\\TP2_HW\\export\\TP2_HW",
          "sysConfig": "TP2_HW",
          "domain": "standalone_domain",
          "system": "TP2_SW_exo2_system"
        }
      ],
      "platformPath": "F:\\workspace\\TP2_HW\\export\\TP2_HW"
    },
    {
      "name": "TP2_SW_system",
      "platform": "C:/Users/28607510/Desktop/TP2_M1S2_FPGA/TP2_HW/export/TP2_HW/TP2_HW.xpfm",
      "sysConfig": "TP2_HW",
      "buildConfig": "Debug",
      "applications": [
        {
          "name": "TP2_SW",
          "platform": "C:/Users/28607510/Desktop/TP2_M1S2_FPGA/TP2_HW/export/TP2_HW/TP2_HW.xpfm",
          "platformPath": "F:\\workspace\\TP2_HW\\export\\TP2_HW",
          "sysConfig": "TP2_HW",
          "domain": "standalone_domain",
          "system": "TP2_SW_system"
        }
      ],
      "platformPath": "F:\\workspace\\TP2_HW\\export\\TP2_HW"
    }
  ],
  "others": []
}